path;chunked_text;chunk_id;departments
dbfs:/Volumes/main/rag_acl_demo/source_docs/ABC_Finance_Department_Intro.pdf;"Introduction to Company ABC's Finance 
 Department 
 1. Overview of the Finance Department 
 The  Finance  department  at  Company  ABC  plays  a  vital  role  in  driving  the  organization's 
 strategic  growth  and  success.  As  a  key  functional  area,  Finance  is  responsible  for  managing  the 
 company's  financial  resources,  providing  critical  support  to  business  operations,  and  enabling 
 informed  decision-making  across  the  organization.  With  a  focus  on  financial  stewardship,  risk 
 management,  and  strategic  planning,  the  Finance  team  at  Company  ABC  works  closely  with 
 other  departments  to  ensure  the  company's  financial  health,  stability,  and  long-term 
 sustainability. 
 The  Finance  department  is  led  by  Jane  Smith,  Chief  Financial  Officer  (CFO),  who  brings  over  20 
 years  of  experience  in  finance  and  accounting  to  the  role.  Jane  is  responsible  for  overseeing  the 
 overall  strategy  and  direction  of  the  Finance  department,  and  works  closely  with  the  company's 
 CEO and other senior leaders to drive business growth and profitability. 
 2. Mission and Objectives 
 The  Finance  department's  mission  is  to  provide  high-quality  financial  services  and  support  to  the 
 organization,  while  maintaining  the  highest  standards  of  integrity,  transparency,  and 
 accountability.  The  team  is  committed  to  delivering  exceptional  results,  driving  process 
 improvements,  and  fostering  a  culture  of  collaboration  and  continuous  learning.  By  doing  so,  the 
 Finance  department  aims  to  make  a  positive  impact  on  the  company's  bottom  line,  while  also 
 contributing to the overall success and well-being of the organization. 
 The  Finance  department's  objectives  are  aligned  with  the  company's  overall  strategic  goals, 
 which include: 
 ●  Driving revenue growth 
 ●  Improving profitability 
 ●  Expanding into new markets 
 ●  Enhancing operational efficiency 
 ●  Maintaining a strong balance sheet 
 These  objectives  are  overseen  by  John  Doe,  Financial  Planning  and  Analysis  Manager,  who  is 
 responsible  for  developing  and  maintaining  the  company's  financial  models,  forecasts,  and 
 budgets.  John  works  closely  with  the  company's  business  leaders  to  ensure  that  financial 
 considerations are integrated into all aspects of the business. 
 3. Organizational Structure 
 The  Finance  department  is  organized  into  several  key  functions,  each  with  its  own  unique 
 responsibilities and areas of expertise. These functions include: 
 ●  Financial  Planning  and  Analysis:  responsible  for  developing  and  maintaining  the 
 company's  financial  models,  forecasts,  and  budgets.  This  team  is  led  by  John  Doe, 
 Financial  Planning  and  Analysis  Manager,  and  includes  Emily  Chen,  Financial  Analyst, 
 and Michael Brown, Senior Financial Analyst. 
 ●  Accounting:  responsible  for  ensuring  the  accuracy  and  integrity  of  the  company's 
 financial  records.  This  team  is  led  by  Sarah  Lee,  Accounting  Manager,  and  includes 
 David Kim, Senior Accountant, and Kevin White, Accountant. 
 ●  Treasury:  responsible  for  managing  the  company's  cash  and  liquidity  positions.  This 
 team  is  led  by  James  Davis,  Treasury  Manager,  and  includes  Lisa  Nguyen,  Treasury 
 Analyst, and Tom Harris, Senior Treasury Analyst. 
 ●  Financial  Reporting:  responsible  for  preparing  and  distributing  the  company's  financial 
 statements.  This  team  is  led  by  Rebecca  Martin,  Financial  Reporting  Manager,  and 
 includes  Chris  Taylor,  Financial  Reporting  Analyst,  and  Amy  Patel,  Senior  Financial 
 Reporting Analyst. 
 ●  Compliance:  responsible  for  ensuring  that  the  company  is  adhering  to  all  relevant  laws, 
 regulations,  and  standards.  This  team  is  led  by  Mark  Hall,  Compliance  Manager,  and 
 includes  Samantha  Johnson,  Compliance  Analyst,  and  Daniel  Lee,  Senior  Compliance 
 Analyst. 
 4. Key Responsibilities 
 The Finance department is responsible for a range of critical functions, including: 
 ●  Financial reporting and analysis 
 ●  Budgeting and forecasting 
 ●  Financial planning and modeling 
 ●  Risk management and mitigation 
 ●  Compliance and regulatory affairs 
 ●  Treasury and cash management 
 ●  Financial governance and oversight 
 These  responsibilities  are  overseen  by  Jane  Smith,  CFO,  and  John  Doe,  Financial  Planning  and 
 Analysis  Manager,  who  work  closely  with  the  company's  business  leaders  to  ensure  that 
 financial considerations are integrated into all aspects of the business. 
 5. Role in Supporting the Company's Strategy";c52586ffcbdef99478b389120751d2ad;Finance
dbfs:/Volumes/main/rag_acl_demo/source_docs/ABC_Finance_Department_Intro.pdf;"includes  Chris  Taylor,  Financial  Reporting  Analyst,  and  Amy  Patel,  Senior  Financial 
 Reporting Analyst. 
 ●  Compliance:  responsible  for  ensuring  that  the  company  is  adhering  to  all  relevant  laws, 
 regulations,  and  standards.  This  team  is  led  by  Mark  Hall,  Compliance  Manager,  and 
 includes  Samantha  Johnson,  Compliance  Analyst,  and  Daniel  Lee,  Senior  Compliance 
 Analyst. 
 4. Key Responsibilities 
 The Finance department is responsible for a range of critical functions, including: 
 ●  Financial reporting and analysis 
 ●  Budgeting and forecasting 
 ●  Financial planning and modeling 
 ●  Risk management and mitigation 
 ●  Compliance and regulatory affairs 
 ●  Treasury and cash management 
 ●  Financial governance and oversight 
 These  responsibilities  are  overseen  by  Jane  Smith,  CFO,  and  John  Doe,  Financial  Planning  and 
 Analysis  Manager,  who  work  closely  with  the  company's  business  leaders  to  ensure  that 
 financial considerations are integrated into all aspects of the business. 
 5. Role in Supporting the Company's Strategy 
 The  Finance  department  plays  a  critical  role  in  supporting  the  company's  strategic  initiatives  and 
 projects.  The  team  works  closely  with  business  leaders  to  develop  financial  models  and 
 business  cases  for  new  investments,  acquisitions,  and  partnerships.  The  team  also  provides 
 financial  guidance  and  support  to  help  ensure  that  these  initiatives  are  successfully  executed 
 and deliver the expected returns. 
 For  example,  the  Finance  department  recently  worked  with  the  company's  Sales  and  Marketing 
 teams  to  develop  a  financial  model  for  a  new  product  launch.  The  model,  which  was  developed 
 by  Emily  Chen,  Financial  Analyst,  and  Michael  Brown,  Senior  Financial  Analyst,  helped  the 
 company  to  understand  the  potential  revenue  and  profitability  of  the  new  product,  and  to  make 
 informed decisions about pricing and investment. 
 6. Achievements and Accomplishments 
 The  Finance  department's  achievements  and  accomplishments  are  numerous  and  impressive. 
 The  team  has  successfully  implemented  a  range  of  process  improvements  and  efficiency 
 initiatives,  resulting  in  significant  cost  savings  and  productivity  gains.  The  team  has  also 
 developed  and  implemented  a  range  of  financial  models  and  tools  to  support  business 
 decision-making and drive growth. 
 For  example,  the  Finance  department  recently  implemented  a  new  financial  planning  and 
 analysis  system,  which  was  led  by  John  Doe,  Financial  Planning  and  Analysis  Manager.  The 
 system,  which  was  developed  in  partnership  with  Oracle,  has  improved  the  company's  ability  to 
 forecast  and  analyze  its  financial  performance,  and  has  helped  to  drive  business  growth  and 
 profitability. 
 7. Future Outlook 
 Looking  ahead,  the  Finance  department  is  well-positioned  to  continue  playing  a  critical  role  in 
 driving  the  company's  success.  The  team  is  committed  to  ongoing  learning  and  professional 
 development,  and  is  focused  on  staying  up-to-date  with  the  latest  trends  and  best  practices  in 
 finance.  With  its  strong  foundation,  talented  team,  and  commitment  to  excellence,  the  Finance 
 department is poised to make a lasting impact on the company's future growth and success. 
 In  the  coming  year,  the  Finance  department  plans  to  focus  on  several  key  initiatives,  including 
 the  implementation  of  a  new  accounting  system,  the  development  of  a  range  of  financial  models 
 and  tools,  and  the  expansion  of  the  company's  treasury  and  cash  management  capabilities. 
 These  initiatives  will  be  overseen  by  Jane  Smith,  CFO,  and  John  Doe,  Financial  Planning  and 
 Analysis Manager, and will be supported by the entire Finance team.";b8bfa46846b458460f3262eff3f6dd29;Finance
dbfs:/Volumes/main/rag_acl_demo/source_docs/ABC_HR_Department_Intro.pdf;"Introduction  to  ABC's  Human  Resources 
 Department 
 1. Overview of the Human Resources Department 
 The  Human  Resources  (HR)  department  at  ABC  plays  a  vital  role  in  supporting  the 
 organization's  strategic  growth  and  success.  As  a  key  functional  area,  HR  is  responsible  for 
 managing  the  company's  human  capital,  providing  critical  support  to  employees,  and  enabling 
 the  organization  to  achieve  its  goals.  With  a  focus  on  talent  management,  employee 
 engagement,  and  organizational  development,  the  HR  team  at  ABC  works  closely  with  other 
 departments to ensure the company's success and competitiveness. 
 The  HR  department  is  led  by  Emily  Chen,  Chief  Human  Resources  Officer  (CHRO),  who  brings 
 over  15  years  of  experience  in  HR  and  talent  management  to  the  role.  Emily  is  responsible  for 
 overseeing  the  overall  strategy  and  direction  of  the  HR  department,  and  works  closely  with  the 
 company's CEO and other senior leaders to drive business growth and success. 
 2. Mission and Objectives 
 The  HR  department's  mission  is  to  provide  high-quality  HR  services  and  support  to  the 
 organization,  while  maintaining  the  highest  standards  of  integrity,  transparency,  and 
 accountability.  The  team  is  committed  to  delivering  exceptional  results,  driving  process 
 improvements,  and  fostering  a  culture  of  collaboration  and  continuous  learning.  By  doing  so,  the 
 HR  department  aims  to  make  a  positive  impact  on  the  company's  bottom  line,  while  also 
 contributing to the overall success and well-being of the organization. 
 The  HR  department's  objectives  are  aligned  with  the  company's  overall  strategic  goals,  which 
 include: 
 ●  Attracting, retaining, and developing top talent 
 ●  Enhancing employee engagement and satisfaction 
 ●  Building a diverse and inclusive workplace culture 
 ●  Improving organizational performance and productivity 
 ●  Supporting business growth and expansion 
 These  objectives  are  overseen  by  David  Lee,  HR  Manager,  who  is  responsible  for  developing 
 and  implementing  HR  strategies  and  programs  to  support  the  company's  goals.  David  works 
 closely  with  the  company's  business  leaders  to  ensure  that  HR  considerations  are  integrated 
 into all aspects of the business. 
 3. Organizational Structure 
 The  HR  department  is  organized  into  several  key  functions,  each  with  its  own  unique 
 responsibilities and areas of expertise. These functions include: 
 ●  Talent  Acquisition:  responsible  for  recruiting  and  hiring  top  talent  to  support  the 
 company's  growth  and  success.  This  team  is  led  by  Sarah  Kim,  Talent  Acquisition 
 Manager,  and  includes  Michael  Brown,  Recruiter,  and  Emily  Patel,  Recruiting 
 Coordinator. 
 ●  Employee  Relations:  responsible  for  managing  employee  communications,  employee 
 engagement,  and  employee  relations.  This  team  is  led  by  James  Davis,  Employee 
 Relations  Manager,  and  includes  Lisa  Nguyen,  Employee  Relations  Specialist,  and  Tom 
 Harris, Employee Relations Coordinator. 
 ●  Benefits  and  Compensation:  responsible  for  managing  the  company's  benefits  and 
 compensation  programs.  This  team  is  led  by  Rebecca  Martin,  Benefits  and 
 Compensation  Manager,  and  includes  Chris  Taylor,  Benefits  Administrator,  and  Amy 
 Hall, Compensation Analyst. 
 ●  Learning  and  Development:  responsible  for  providing  training  and  development 
 opportunities  to  support  employee  growth  and  success.  This  team  is  led  by  Mark  Hall, 
 Learning  and  Development  Manager,  and  includes  Samantha  Johnson,  Learning  and 
 Development Specialist, and Daniel Lee, Training Coordinator. 
 ●  HR  Operations:  responsible  for  managing  the  company's  HR  systems,  processes,  and 
 data.  This  team  is  led  by  Kevin  White,  HR  Operations  Manager,  and  includes  David  Kim, 
 HR Systems Analyst, and Lisa Chen, HR Data Analyst. 
 4. Key Responsibilities 
 The HR department is responsible for a range of critical functions, including: 
 ●  Talent management and acquisition 
 ●  Employee relations and communications 
 ●  Benefits and compensation administration 
 ●  Learning and development programs 
 ●  HR operations and systems management 
 ●  Compliance and regulatory affairs 
 These  responsibilities  are  overseen  by  Emily  Chen,  CHRO,  and  David  Lee,  HR  Manager,  who 
 work  closely  with  the  company's  business  leaders  to  ensure  that  HR  considerations  are 
 integrated into all aspects of the business. 
 5. Role in Supporting the Company's Strategy";780c60cdf3df2b1375d6f9c7b94fbe58;HR
dbfs:/Volumes/main/rag_acl_demo/source_docs/ABC_HR_Department_Intro.pdf;"Learning  and  Development  Manager,  and  includes  Samantha  Johnson,  Learning  and 
 Development Specialist, and Daniel Lee, Training Coordinator. 
 ●  HR  Operations:  responsible  for  managing  the  company's  HR  systems,  processes,  and 
 data.  This  team  is  led  by  Kevin  White,  HR  Operations  Manager,  and  includes  David  Kim, 
 HR Systems Analyst, and Lisa Chen, HR Data Analyst. 
 4. Key Responsibilities 
 The HR department is responsible for a range of critical functions, including: 
 ●  Talent management and acquisition 
 ●  Employee relations and communications 
 ●  Benefits and compensation administration 
 ●  Learning and development programs 
 ●  HR operations and systems management 
 ●  Compliance and regulatory affairs 
 These  responsibilities  are  overseen  by  Emily  Chen,  CHRO,  and  David  Lee,  HR  Manager,  who 
 work  closely  with  the  company's  business  leaders  to  ensure  that  HR  considerations  are 
 integrated into all aspects of the business. 
 5. Role in Supporting the Company's Strategy 
 The  HR  department  plays  a  critical  role  in  supporting  the  company's  strategic  initiatives  and 
 projects.  The  team  works  closely  with  business  leaders  to  develop  HR  strategies  and  programs 
 to  support  the  company's  goals,  and  provides  guidance  and  support  to  employees  to  help  them 
 succeed in their roles. 
 For  example,  the  HR  department  recently  worked  with  the  company's  Sales  and  Marketing 
 teams  to  develop  a  training  program  to  support  the  launch  of  a  new  product.  The  program, 
 which  was  developed  by  Mark  Hall,  Learning  and  Development  Manager,  and  Samantha 
 Johnson,  Learning  and  Development  Specialist,  helped  to  improve  employee  knowledge  and 
 skills, and supported the company's sales and revenue growth. 
 6. Achievements and Accomplishments 
 The  HR  department's  achievements  and  accomplishments  are  numerous  and  impressive.  The 
 team  has  successfully  implemented  a  range  of  HR  initiatives  and  programs,  resulting  in 
 significant  improvements  in  employee  engagement,  retention,  and  productivity.  The  team  has 
 also  developed  and  implemented  a  range  of  HR  systems  and  processes,  including  a  new  HR 
 information system and a performance management program. 
 For  example,  the  HR  department  recently  implemented  a  new  employee  recognition  and  reward 
 program,  which  was  developed  by  James  Davis,  Employee  Relations  Manager,  and  Lisa 
 Nguyen,  Employee  Relations  Specialist.  The  program,  which  recognizes  and  rewards 
 employees  for  their  contributions  to  the  company,  has  helped  to  improve  employee  engagement 
 and satisfaction, and has supported the company's retention and recruitment efforts. 
 7. Future Outlook 
 Looking  ahead,  the  HR  department  is  well-positioned  to  continue  playing  a  critical  role  in  driving 
 the  company's  success.  The  team  is  committed  to  ongoing  learning  and  professional 
 development,  and  is  focused  on  staying  up-to-date  with  the  latest  trends  and  best  practices  in 
 HR.  With  its  strong  foundation,  talented  team,  and  commitment  to  excellence,  the  HR 
 department is poised to make a lasting impact on the company's future growth and success. 
 In  the  coming  year,  the  HR  department  plans  to  focus  on  several  key  initiatives,  including  the 
 implementation  of  a  new  performance  management  program,  the  development  of  a  range  of 
 diversity  and  inclusion  initiatives,  and  the  expansion  of  the  company's  learning  and  development 
 programs.  These  initiatives  will  be  overseen  by  Emily  Chen,  CHRO,  and  David  Lee,  HR 
 Manager, and will be supported by the entire HR team.";df215bb36819a592f7d061f3f611549d;HR
